"Data Source","World Development Indicators",

"Country Name","Country Code","Indicator Name","Indicator Code","1960","1961","1962","1963","1964","1965","1966","1967","1968","1969","1970","1971","1972","1973","1974","1975","1976","1977","1978","1979","1980","1981","1982","1983","1984","1985","1986","1987","1988","1989","1990","1991","1992","1993","1994","1995","1996","1997","1998","1999","2000","2001","2002","2003","2004","2005","2006","2007","2008","2009","2010","2011","2012","2013",
"Aruba","ABW","Cost to import (US$ per container)","IC.IMP.COST.CD","","","","","","","","","","","","","","","","","","","","","","","","","","","","","","","","","","","","","","","","","","","","","","","","","","","","","","",
"Andorra","AND","Cost to import (US$ per container)","IC.IMP.COST.CD","","","","","","","","","","","","","","","","","","","","","","","","","","","","","","","","","","","","","","","","","","","","","","","","","","","","","","",
"Afghanistan","AFG","Cost to import (US$ per container)","IC.IMP.COST.CD","","","","","","","","","","","","","","","","","","","","","","","","","","","","","","","","","","","","","","","","","","","","","","2100","2100","2100","2600","3000","3830","3830","3830","5180",
"Angola","AGO","Cost to import (US$ per container)","IC.IMP.COST.CD","","","","","","","","","","","","","","","","","","","","","","","","","","","","","","","","","","","","","","","","","","","","","","1925","1925","1925","2925","2840","2840","2690","2690","2700",
"Albania","ALB","Cost to import (US$ per container)","IC.IMP.COST.CD","","","","","","","","","","","","","","","","","","","","","","","","","","","","","","","","","","","","","","","","","","","","","","820","820","750","775","710","710","730","730","730",
"Arab World","ARB","Cost to import (US$ per container)","IC.IMP.COST.CD","","","","","","","","","","","","","","","","","","","","","","","","","","","","","","","","","","","","","","","","","","","","","","1226.16666666667","1228.83333333333","1157.4","1297.95","1330.4","1313.8","1327.85","1387.19047619048","1420.95238095238",
"United Arab Emirates","ARE","Cost to import (US$ per container)","IC.IMP.COST.CD","","","","","","","","","","","","","","","","","","","","","","","","","","","","","","","","","","","","","","","","","","","","","","462","462","462","587","579","542","635","590","615",
"Argentina","ARG","Cost to import (US$ per container)","IC.IMP.COST.CD","","","","","","","","","","","","","","","","","","","","","","","","","","","","","","","","","","","","","","","","","","","","","","1825","1825","1825","1810","1810","1810","1810","2260","2260",
"Armenia","ARM","Cost to import (US$ per container)","IC.IMP.COST.CD","","","","","","","","","","","","","","","","","","","","","","","","","","","","","","","","","","","","","","","","","","","","","","1860","1860","1445","2091","2076","2025","2175","2175","2175",
"American Samoa","ASM","Cost to import (US$ per container)","IC.IMP.COST.CD","","","","","","","","","","","","","","","","","","","","","","","","","","","","","","","","","","","","","","","","","","","","","","","","","","","","","","",
"Antigua and Barbuda","ATG","Cost to import (US$ per container)","IC.IMP.COST.CD","","","","","","","","","","","","","","","","","","","","","","","","","","","","","","","","","","","","","","","","","","","","","","2204","2204","1561","1520","1520","1520","1520","1520","1520",
"Australia","AUS","Cost to import (US$ per container)","IC.IMP.COST.CD","","","","","","","","","","","","","","","","","","","","","","","","","","","","","","","","","","","","","","","","","","","","","","1120","1120","1120","1239","1119","1119","1119","1120","1170",
"Austria","AUT","Cost to import (US$ per container)","IC.IMP.COST.CD","","","","","","","","","","","","","","","","","","","","","","","","","","","","","","","","","","","","","","","","","","","","","","913","913","913","1195","1195","1195","1195","1155","1155",
"Azerbaijan","AZE","Cost to import (US$ per container)","IC.IMP.COST.CD","","","","","","","","","","","","","","","","","","","","","","","","","","","","","","","","","","","","","","","","","","","","","","2945","2945","2945","3420","3480","3480","3405","3490","3560",
"Burundi","BDI","Cost to import (US$ per container)","IC.IMP.COST.CD","","","","","","","","","","","","","","","","","","","","","","","","","","","","","","","","","","","","","","","","","","","","","","4035","4035","4035","4035","3950","3950","4520","4670","4420",
"Belgium","BEL","Cost to import (US$ per container)","IC.IMP.COST.CD","","","","","","","","","","","","","","","","","","","","","","","","","","","","","","","","","","","","","","","","","","","","","","1400","1400","1400","1400","1400","1400","1400","1400","1400",
"Benin","BEN","Cost to import (US$ per container)","IC.IMP.COST.CD","","","","","","","","","","","","","","","","","","","","","","","","","","","","","","","","","","","","","","","","","","","","","","1222","1222","1222","1413","1420","1420","1516","1569","1520",
"Burkina Faso","BFA","Cost to import (US$ per container)","IC.IMP.COST.CD","","","","","","","","","","","","","","","","","","","","","","","","","","","","","","","","","","","","","","","","","","","","","","3722","3722","3722","3830","3830","4030","4030","4030","4430",
"Bangladesh","BGD","Cost to import (US$ per container)","IC.IMP.COST.CD","","","","","","","","","","","","","","","","","","","","","","","","","","","","","","","","","","","","","","","","","","","","","","1287","1287","1148","1290","1290","1305","1370","1430","1470",
"Bulgaria","BGR","Cost to import (US$ per container)","IC.IMP.COST.CD","","","","","","","","","","","","","","","","","","","","","","","","","","","","","","","","","","","","","","","","","","","","","","1121","1121","1297","1696","1586","1586","1586","1546","1365",
"Bahrain","BHR","Cost to import (US$ per container)","IC.IMP.COST.CD","","","","","","","","","","","","","","","","","","","","","","","","","","","","","","","","","","","","","","","","","","","","","","","","845","845","995","995","995","995","995",
"Bahamas, The","BHS","Cost to import (US$ per container)","IC.IMP.COST.CD","","","","","","","","","","","","","","","","","","","","","","","","","","","","","","","","","","","","","","","","","","","","","","","","1470","1470","1470","1470","1495","1495","1770",
"Bosnia and Herzegovina","BIH","Cost to import (US$ per container)","IC.IMP.COST.CD","","","","","","","","","","","","","","","","","","","","","","","","","","","","","","","","","","","","","","","","","","","","","","1150","1150","985","1035","1090","1200","1200","1200","1200",
"Belarus","BLR","Cost to import (US$ per container)","IC.IMP.COST.CD","","","","","","","","","","","","","","","","","","","","","","","","","","","","","","","","","","","","","","","","","","","","","","2067","2067","2067","2115","2115","2115","2615","2315","2315",
"Belize","BLZ","Cost to import (US$ per container)","IC.IMP.COST.CD","","","","","","","","","","","","","","","","","","","","","","","","","","","","","","","","","","","","","","","","","","","","","","1615","1615","1615","1630","1630","1630","1630","1580","1580",
"Bermuda","BMU","Cost to import (US$ per container)","IC.IMP.COST.CD","","","","","","","","","","","","","","","","","","","","","","","","","","","","","","","","","","","","","","","","","","","","","","","","","","","","","","",
"Bolivia","BOL","Cost to import (US$ per container)","IC.IMP.COST.CD","","","","","","","","","","","","","","","","","","","","","","","","","","","","","","","","","","","","","","","","","","","","","","1452","1452","1452","1747","1747","1747","1747","1747","1745",
"Brazil","BRA","Cost to import (US$ per container)","IC.IMP.COST.CD","","","","","","","","","","","","","","","","","","","","","","","","","","","","","","","","","","","","","","","","","","","","","","1090","1090","1185","1220","1385","1975","2275","2275","2275",
"Barbados","BRB","Cost to import (US$ per container)","IC.IMP.COST.CD","","","","","","","","","","","","","","","","","","","","","","","","","","","","","","","","","","","","","","","","","","","","","","","","","","","","1615","1615","1615",
"Brunei Darussalam","BRN","Cost to import (US$ per container)","IC.IMP.COST.CD","","","","","","","","","","","","","","","","","","","","","","","","","","","","","","","","","","","","","","","","","","","","","","","590","590","708","708","708","745","745","770",
"Bhutan","BTN","Cost to import (US$ per container)","IC.IMP.COST.CD","","","","","","","","","","","","","","","","","","","","","","","","","","","","","","","","","","","","","","","","","","","","","","1780","1780","1780","1840","1840","2505","2505","2330","2330",
"Botswana","BWA","Cost to import (US$ per container)","IC.IMP.COST.CD","","","","","","","","","","","","","","","","","","","","","","","","","","","","","","","","","","","","","","","","","","","","","","2595","2595","2595","3064","3264","3390","3420","3445","3610",
"Sub-Saharan Africa (IFC classification)","CAA","Cost to import (US$ per container)","IC.IMP.COST.CD","","","","","","","","","","","","","","","","","","","","","","","","","","","","","","","","","","","","","","","","","","","","","","","","","","","","","","",
"Central African Republic","CAF","Cost to import (US$ per container)","IC.IMP.COST.CD","","","","","","","","","","","","","","","","","","","","","","","","","","","","","","","","","","","","","","","","","","","","","","4534","4534","4534","5074","5554","5554","5554","5554","5555",
"Canada","CAN","Cost to import (US$ per container)","IC.IMP.COST.CD","","","","","","","","","","","","","","","","","","","","","","","","","","","","","","","","","","","","","","","","","","","","","","1425","1425","1425","1785","1660","1660","1660","1660","1680",
"East Asia and the Pacific (IFC classification)","CEA","Cost to import (US$ per container)","IC.IMP.COST.CD","","","","","","","","","","","","","","","","","","","","","","","","","","","","","","","","","","","","","","","","","","","","","","","","","","","","","","",
"Europe and Central Asia (IFC classification)","CEU","Cost to import (US$ per container)","IC.IMP.COST.CD","","","","","","","","","","","","","","","","","","","","","","","","","","","","","","","","","","","","","","","","","","","","","","","","","","","","","","",
"Switzerland","CHE","Cost to import (US$ per container)","IC.IMP.COST.CD","","","","","","","","","","","","","","","","","","","","","","","","","","","","","","","","","","","","","","","","","","","","","","1333","1333","1333","1505","1540","1540","1540","1440","1440",
"Channel Islands","CHI","Cost to import (US$ per container)","IC.IMP.COST.CD","","","","","","","","","","","","","","","","","","","","","","","","","","","","","","","","","","","","","","","","","","","","","","","","","","","","","","",
"Chile","CHL","Cost to import (US$ per container)","IC.IMP.COST.CD","","","","","","","","","","","","","","","","","","","","","","","","","","","","","","","","","","","","","","","","","","","","","","600","600","600","710","710","710","760","930","930",
"China","CHN","Cost to import (US$ per container)","IC.IMP.COST.CD","","","","","","","","","","","","","","","","","","","","","","","","","","","","","","","","","","","","","","","","","","","","","","430","430","430","545","545","545","545","615","615",
"Cote d'Ivoire","CIV","Cost to import (US$ per container)","IC.IMP.COST.CD","","","","","","","","","","","","","","","","","","","","","","","","","","","","","","","","","","","","","","","","","","","","","","2457","2457","2457","2437","2577","2577","2577","2710","2710",
"Latin America and the Caribbean (IFC classification)","CLA","Cost to import (US$ per container)","IC.IMP.COST.CD","","","","","","","","","","","","","","","","","","","","","","","","","","","","","","","","","","","","","","","","","","","","","","","","","","","","","","",
"Middle East and North Africa (IFC classification)","CME","Cost to import (US$ per container)","IC.IMP.COST.CD","","","","","","","","","","","","","","","","","","","","","","","","","","","","","","","","","","","","","","","","","","","","","","","","","","","","","","",
"Cameroon","CMR","Cost to import (US$ per container)","IC.IMP.COST.CD","","","","","","","","","","","","","","","","","","","","","","","","","","","","","","","","","","","","","","","","","","","","","","1918","1918","1918","2061","2191","2167","2167","2167","2167",
"Congo, Rep.","COG","Cost to import (US$ per container)","IC.IMP.COST.CD","","","","","","","","","","","","","","","","","","","","","","","","","","","","","","","","","","","","","","","","","","","","","","2201","2201","2201","2959","2959","7709","7709","7709","7590",
"Colombia","COL","Cost to import (US$ per container)","IC.IMP.COST.CD","","","","","","","","","","","","","","","","","","","","","","","","","","","","","","","","","","","","","","","","","","","","","","1773","1773","1440","1640","1750","1700","2650","2650","2470",
"Comoros","COM","Cost to import (US$ per container)","IC.IMP.COST.CD","","","","","","","","","","","","","","","","","","","","","","","","","","","","","","","","","","","","","","","","","","","","","","1108","1108","1108","1191","1191","1191","1191","1295","1295",
"Cape Verde","CPV","Cost to import (US$ per container)","IC.IMP.COST.CD","","","","","","","","","","","","","","","","","","","","","","","","","","","","","","","","","","","","","","","","","","","","","","1070","1070","820","925","925","925","925","925","925",
"Costa Rica","CRI","Cost to import (US$ per container)","IC.IMP.COST.CD","","","","","","","","","","","","","","","","","","","","","","","","","","","","","","","","","","","","","","","","","","","","","","1100","1100","1100","1190","1190","1190","1190","1020","1070",
"South Asia (IFC classification)","CSA","Cost to import (US$ per container)","IC.IMP.COST.CD","","","","","","","","","","","","","","","","","","","","","","","","","","","","","","","","","","","","","","","","","","","","","","","","","","","","","","",
"Caribbean small states","CSS","Cost to import (US$ per container)","IC.IMP.COST.CD","","","","","","","","","","","","","","","","","","","","","","","","","","","","","","","","","","","","","","","","","","","","","","1703.36363636364","1703.36363636364","1529.91666666667","1617.33333333333","1617.33333333333","1615.25","1630.23076923077","1660.76923076923","1684.23076923077",
"Cuba","CUB","Cost to import (US$ per container)","IC.IMP.COST.CD","","","","","","","","","","","","","","","","","","","","","","","","","","","","","","","","","","","","","","","","","","","","","","","","","","","","","","",
"Curacao","CUW","Cost to import (US$ per container)","IC.IMP.COST.CD","","","","","","","","","","","","","","","","","","","","","","","","","","","","","","","","","","","","","","","","","","","","","","","","","","","","","","",
"Cayman Islands","CYM","Cost to import (US$ per container)","IC.IMP.COST.CD","","","","","","","","","","","","","","","","","","","","","","","","","","","","","","","","","","","","","","","","","","","","","","","","","","","","","","",
"Cyprus","CYP","Cost to import (US$ per container)","IC.IMP.COST.CD","","","","","","","","","","","","","","","","","","","","","","","","","","","","","","","","","","","","","","","","","","","","","","","","","955","955","955","1010","1010","1010",
"Czech Republic","CZE","Cost to import (US$ per container)","IC.IMP.COST.CD","","","","","","","","","","","","","","","","","","","","","","","","","","","","","","","","","","","","","","","","","","","","","","860","860","860","1087","1165","1165","1165","1180","1190",
"Germany","DEU","Cost to import (US$ per container)","IC.IMP.COST.CD","","","","","","","","","","","","","","","","","","","","","","","","","","","","","","","","","","","","","","","","","","","","","","765","765","765","887","937","937","937","937","940",
"Djibouti","DJI","Cost to import (US$ per container)","IC.IMP.COST.CD","","","","","","","","","","","","","","","","","","","","","","","","","","","","","","","","","","","","","","","","","","","","","","831","831","831","849","911","911","911","911","910",
"Dominica","DMA","Cost to import (US$ per container)","IC.IMP.COST.CD","","","","","","","","","","","","","","","","","","","","","","","","","","","","","","","","","","","","","","","","","","","","","","2112","2112","1357","1560","1560","1560","1600","1600","1600",
"Denmark","DNK","Cost to import (US$ per container)","IC.IMP.COST.CD","","","","","","","","","","","","","","","","","","","","","","","","","","","","","","","","","","","","","","","","","","","","","","603","603","603","744","744","744","744","744","745",
"Dominican Republic","DOM","Cost to import (US$ per container)","IC.IMP.COST.CD","","","","","","","","","","","","","","","","","","","","","","","","","","","","","","","","","","","","","","","","","","","","","","990","990","1015","1150","1150","1150","1150","1150","1145",
"Algeria","DZA","Cost to import (US$ per container)","IC.IMP.COST.CD","","","","","","","","","","","","","","","","","","","","","","","","","","","","","","","","","","","","","","","","","","","","","","1776","1776","1268","1318","1318","1318","1318","1330","1330",
"East Asia & Pacific (developing only)","EAP","Cost to import (US$ per container)","IC.IMP.COST.CD","","","","","","","","","","","","","","","","","","","","","","","","","","","","","","","","","","","","","","","","","","","","","","1028.45","1030.25","941.75","908","905.1","898.8","922.75","921.190476190476","933.333333333333",
"East Asia & Pacific (all income levels)","EAS","Cost to import (US$ per container)","IC.IMP.COST.CD","","","","","","","","","","","","","","","","","","","","","","","","","","","","","","","","","","","","","","","","","","","","","","963.888888888889","955.392857142857","881.642857142857","875.071428571429","865.428571428571","861.678571428571","876.178571428571","876.689655172414","888.103448275862",
"Europe & Central Asia (developing only)","ECA","Cost to import (US$ per container)","IC.IMP.COST.CD","","","","","","","","","","","","","","","","","","","","","","","","","","","","","","","","","","","","","","","","","","","","","","1916.55555555556","1840.68421052632","1819.84210526316","2062.84210526316","2071.45","2077.2","2182.9","2540.05","2616.25",
"Europe & Central Asia (all income levels)","ECS","Cost to import (US$ per container)","IC.IMP.COST.CD","","","","","","","","","","","","","","","","","","","","","","","","","","","","","","","","","","","","","","","","","","","","","","1381.63636363636","1359.0652173913","1346.86956521739","1502.68085106383","1529","1530.54166666667","1580.375","1736.69387755102","1764.63265306122",
"Ecuador","ECU","Cost to import (US$ per container)","IC.IMP.COST.CD","","","","","","","","","","","","","","","","","","","","","","","","","","","","","","","","","","","","","","","","","","","","","","1160","1160","1160","1402","1402","1402","1432","1530","1520",
"Egypt, Arab Rep.","EGY","Cost to import (US$ per container)","IC.IMP.COST.CD","","","","","","","","","","","","","","","","","","","","","","","","","","","","","","","","","","","","","","","","","","","","","","1106","1106","786","880","880","755","755","755","790",
"Euro area","EMU","Cost to import (US$ per container)","IC.IMP.COST.CD","","","","","","","","","","","","","","","","","","","","","","","","","","","","","","","","","","","","","","","","","","","","","","1011.85714285714","1027.73333333333","1027.73333333333","1120.5","1127.8125","1108.6875","1109.52941176471","1102.76470588235","1101.23529411765",
"Eritrea","ERI","Cost to import (US$ per container)","IC.IMP.COST.CD","","","","","","","","","","","","","","","","","","","","","","","","","","","","","","","","","","","","","","","","","","","","","","1581","1581","1581","1581","1581","1581","1581","1600","1600",
"Spain","ESP","Cost to import (US$ per container)","IC.IMP.COST.CD","","","","","","","","","","","","","","","","","","","","","","","","","","","","","","","","","","","","","","","","","","","","","","1129","1129","1129","1250","1350","1350","1350","1350","1350",
"Estonia","EST","Cost to import (US$ per container)","IC.IMP.COST.CD","","","","","","","","","","","","","","","","","","","","","","","","","","","","","","","","","","","","","","","","","","","","","","675","675","675","740","740","725","725","795","795",
"Ethiopia","ETH","Cost to import (US$ per container)","IC.IMP.COST.CD","","","","","","","","","","","","","","","","","","","","","","","","","","","","","","","","","","","","","","","","","","","","","","2790","2790","2790","2560","2660","2660","2660","2660","2760",
"European Union","EUU","Cost to import (US$ per container)","IC.IMP.COST.CD","","","","","","","","","","","","","","","","","","","","","","","","","","","","","","","","","","","","","","","","","","","","","","988.44","993.692307692308","994.115384615385","1096.33333333333","1091.51851851852","1075.92592592593","1094.57142857143","1082.96428571429","1069.89285714286",
"Finland","FIN","Cost to import (US$ per container)","IC.IMP.COST.CD","","","","","","","","","","","","","","","","","","","","","","","","","","","","","","","","","","","","","","","","","","","","","","420","420","420","575","620","620","620","620","625",
"Fiji","FJI","Cost to import (US$ per container)","IC.IMP.COST.CD","","","","","","","","","","","","","","","","","","","","","","","","","","","","","","","","","","","","","","","","","","","","","","570","570","570","630","630","630","635","635","760",
"France","FRA","Cost to import (US$ per container)","IC.IMP.COST.CD","","","","","","","","","","","","","","","","","","","","","","","","","","","","","","","","","","","","","","","","","","","","","","1295","1295","1295","1395","1395","1395","1445","1445","1445",
"Faeroe Islands","FRO","Cost to import (US$ per container)","IC.IMP.COST.CD","","","","","","","","","","","","","","","","","","","","","","","","","","","","","","","","","","","","","","","","","","","","","","","","","","","","","","",
"Micronesia, Fed. Sts.","FSM","Cost to import (US$ per container)","IC.IMP.COST.CD","","","","","","","","","","","","","","","","","","","","","","","","","","","","","","","","","","","","","","","","","","","","","","1255","1255","1005","1005","1045","1045","1045","1045","1045",
"Gabon","GAB","Cost to import (US$ per container)","IC.IMP.COST.CD","","","","","","","","","","","","","","","","","","","","","","","","","","","","","","","","","","","","","","","","","","","","","","1600","1600","1600","1955","1955","1955","1955","1955","2175",
"United Kingdom","GBR","Cost to import (US$ per container)","IC.IMP.COST.CD","","","","","","","","","","","","","","","","","","","","","","","","","","","","","","","","","","","","","","","","","","","","","","1267","1267","1267","1350","1160","1045","1045","1045","1050",
"Georgia","GEO","Cost to import (US$ per container)","IC.IMP.COST.CD","","","","","","","","","","","","","","","","","","","","","","","","","","","","","","","","","","","","","","","","","","","","","","1570","1305","1305","1340","1250","1316","1715","1595","1595",
"Ghana","GHA","Cost to import (US$ per container)","IC.IMP.COST.CD","","","","","","","","","","","","","","","","","","","","","","","","","","","","","","","","","","","","","","","","","","","","","","842","842","895","1130","1203","1203","1315","1315","1360",
"Guinea","GIN","Cost to import (US$ per container)","IC.IMP.COST.CD","","","","","","","","","","","","","","","","","","","","","","","","","","","","","","","","","","","","","","","","","","","","","","1195","1195","1195","1391","1391","1391","1391","1391","1390",
"Gambia, The","GMB","Cost to import (US$ per container)","IC.IMP.COST.CD","","","","","","","","","","","","","","","","","","","","","","","","","","","","","","","","","","","","","","","","","","","","","","859","859","779","832","832","885","885","885","895",
"Guinea-Bissau","GNB","Cost to import (US$ per container)","IC.IMP.COST.CD","","","","","","","","","","","","","","","","","","","","","","","","","","","","","","","","","","","","","","","","","","","","","","1749","1749","1749","2349","2349","2349","2006","2006","2006",
"Equatorial Guinea","GNQ","Cost to import (US$ per container)","IC.IMP.COST.CD","","","","","","","","","","","","","","","","","","","","","","","","","","","","","","","","","","","","","","","","","","","","","","1631","1631","1631","1639","1639","1639","1639","1600","1600",
"Greece","GRC","Cost to import (US$ per container)","IC.IMP.COST.CD","","","","","","","","","","","","","","","","","","","","","","","","","","","","","","","","","","","","","","","","","","","","","","1245","1245","1245","1265","1265","1265","1265","1135","1135",
"Grenada","GRD","Cost to import (US$ per container)","IC.IMP.COST.CD","","","","","","","","","","","","","","","","","","","","","","","","","","","","","","","","","","","","","","","","","","","","","","2078","2078","2078","2378","2378","2028","2028","2235","2235",
"Greenland","GRL","Cost to import (US$ per container)","IC.IMP.COST.CD","","","","","","","","","","","","","","","","","","","","","","","","","","","","","","","","","","","","","","","","","","","","","","","","","","","","","","",
"Guatemala","GTM","Cost to import (US$ per container)","IC.IMP.COST.CD","","","","","","","","","","","","","","","","","","","","","","","","","","","","","","","","","","","","","","","","","","","","","","1985","1985","1177","1302","1302","1302","1302","1425","1500",
"Guam","GUM","Cost to import (US$ per container)","IC.IMP.COST.CD","","","","","","","","","","","","","","","","","","","","","","","","","","","","","","","","","","","","","","","","","","","","","","","","","","","","","","",
"Guyana","GUY","Cost to import (US$ per container)","IC.IMP.COST.CD","","","","","","","","","","","","","","","","","","","","","","","","","","","","","","","","","","","","","","","","","","","","","","505","505","505","705","705","720","720","720","720",
"High income","HIC","Cost to import (US$ per container)","IC.IMP.COST.CD","","","","","","","","","","","","","","","","","","","","","","","","","","","","","","","","","","","","","","","","","","","","","","1012.46808510638","1010.73469387755","997.153846153846","1090.47169811321","1104.07547169811","1106.54716981132","1121.87272727273","1148.30357142857","1155.875",
"Hong Kong SAR, China","HKG","Cost to import (US$ per container)","IC.IMP.COST.CD","","","","","","","","","","","","","","","","","","","","","","","","","","","","","","","","","","","","","","","","","","","","","","425","525","525","633","583","600","565","565","565",
"Honduras","HND","Cost to import (US$ per container)","IC.IMP.COST.CD","","","","","","","","","","","","","","","","","","","","","","","","","","","","","","","","","","","","","","","","","","","","","","975","975","975","1190","1190","1205","1420","1510","1500",
"Heavily indebted poor countries (HIPC)","HPC","Cost to import (US$ per container)","IC.IMP.COST.CD","","","","","","","","","","","","","","","","","","","","","","","","","","","","","","","","","","","","","","","","","","","","","","2037.18918918919","2043.92105263158","2068.60526315789","2300.36842105263","2343.97368421053","2546.81578947368","2560.97368421053","2611.26315789474","2732.97368421053",
"Croatia","HRV","Cost to import (US$ per container)","IC.IMP.COST.CD","","","","","","","","","","","","","","","","","","","","","","","","","","","","","","","","","","","","","","","","","","","","","","1200","1200","1200","1141","1141","1141","1180","1180","1185",
"Haiti","HTI","Cost to import (US$ per container)","IC.IMP.COST.CD","","","","","","","","","","","","","","","","","","","","","","","","","","","","","","","","","","","","","","","","","","","","","","1860","1860","1560","1560","1545","1545","1545","1545","1555",
"Hungary","HUN","Cost to import (US$ per container)","IC.IMP.COST.CD","","","","","","","","","","","","","","","","","","","","","","","","","","","","","","","","","","","","","","","","","","","","","","945","945","945","1080","1055","1055","1055","845","845",
"Indonesia","IDN","Cost to import (US$ per container)","IC.IMP.COST.CD","","","","","","","","","","","","","","","","","","","","","","","","","","","","","","","","","","","","","","","","","","","","","","675","675","623","660","660","660","660","660","660",
"Isle of Man","IMN","Cost to import (US$ per container)","IC.IMP.COST.CD","","","","","","","","","","","","","","","","","","","","","","","","","","","","","","","","","","","","","","","","","","","","","","","","","","","","","","",
"India","IND","Cost to import (US$ per container)","IC.IMP.COST.CD","","","","","","","","","","","","","","","","","","","","","","","","","","","","","","","","","","","","","","","","","","","","","","1324","1324","990","1040","1040","1105","1150","1200","1250",
"Not classified","INX","Cost to import (US$ per container)","IC.IMP.COST.CD","","","","","","","","","","","","","","","","","","","","","","","","","","","","","","","","","","","","","","","","","","","","","","","","","","","","","","",
"Ireland","IRL","Cost to import (US$ per container)","IC.IMP.COST.CD","","","","","","","","","","","","","","","","","","","","","","","","","","","","","","","","","","","","","","","","","","","","","","1139","1139","1139","1121","1121","1121","1121","1121","1121",
"Iran, Islamic Rep.","IRN","Cost to import (US$ per container)","IC.IMP.COST.CD","","","","","","","","","","","","","","","","","","","","","","","","","","","","","","","","","","","","","","","","","","","","","","1330","1330","1330","1656","1706","1735","1885","2100","2100",
"Iraq","IRQ","Cost to import (US$ per container)","IC.IMP.COST.CD","","","","","","","","","","","","","","","","","","","","","","","","","","","","","","","","","","","","","","","","","","","","","","3400","3400","3400","3900","3900","3650","3650","3650","3650",
"Iceland","ISL","Cost to import (US$ per container)","IC.IMP.COST.CD","","","","","","","","","","","","","","","","","","","","","","","","","","","","","","","","","","","","","","","","","","","","","","1343","1343","1343","1183","1674","1674","1674","1620","1620",
"Israel","ISR","Cost to import (US$ per container)","IC.IMP.COST.CD","","","","","","","","","","","","","","","","","","","","","","","","","","","","","","","","","","","","","","","","","","","","","","560","560","560","605","605","605","545","565","565",
"Italy","ITA","Cost to import (US$ per container)","IC.IMP.COST.CD","","","","","","","","","","","","","","","","","","","","","","","","","","","","","","","","","","","","","","","","","","","","","","1217","1217","1217","1231","1231","1245","1245","1145","1145",
"Jamaica","JAM","Cost to import (US$ per container)","IC.IMP.COST.CD","","","","","","","","","","","","","","","","","","","","","","","","","","","","","","","","","","","","","","","","","","","","","","1920","1920","1920","1990","1990","1990","1990","2130","2130",
"Jordan","JOR","Cost to import (US$ per container)","IC.IMP.COST.CD","","","","","","","","","","","","","","","","","","","","","","","","","","","","","","","","","","","","","","","","","","","","","","955","1065","1065","1290","1290","1335","1335","1335","1235",
"Japan","JPN","Cost to import (US$ per container)","IC.IMP.COST.CD","","","","","","","","","","","","","","","","","","","","","","","","","","","","","","","","","","","","","","","","","","","","","","957","957","957","957","957","970","970","970","970",
"Kazakhstan","KAZ","Cost to import (US$ per container)","IC.IMP.COST.CD","","","","","","","","","","","","","","","","","","","","","","","","","","","","","","","","","","","","","","","","","","","","","","2780","2780","2780","3055","3055","3055","3290","4665","4865",
"Kenya","KEN","Cost to import (US$ per container)","IC.IMP.COST.CD","","","","","","","","","","","","","","","","","","","","","","","","","","","","","","","","","","","","","","","","","","","","","","2325","1995","1995","2190","2190","2190","2190","2350","2350",
"Kyrgyz Republic","KGZ","Cost to import (US$ per container)","IC.IMP.COST.CD","","","","","","","","","","","","","","","","","","","","","","","","","","","","","","","","","","","","","","","","","","","","","","2450","2450","2450","3250","3250","3280","3450","4700","5150",
"Cambodia","KHM","Cost to import (US$ per container)","IC.IMP.COST.CD","","","","","","","","","","","","","","","","","","","","","","","","","","","","","","","","","","","","","","","","","","","","","","816","852","852","872","872","872","872","900","930",
"Kiribati","KIR","Cost to import (US$ per container)","IC.IMP.COST.CD","","","","","","","","","","","","","","","","","","","","","","","","","","","","","","","","","","","","","","","","","","","","","","1550","1550","1300","820","820","820","870","870","870",
"St. Kitts and Nevis","KNA","Cost to import (US$ per container)","IC.IMP.COST.CD","","","","","","","","","","","","","","","","","","","","","","","","","","","","","","","","","","","","","","","","","","","","","","2333","2333","2333","2515","2515","2515","2515","2615","2615",
"Korea, Rep.","KOR","Cost to import (US$ per container)","IC.IMP.COST.CD","","","","","","","","","","","","","","","","","","","","","","","","","","","","","","","","","","","","","","","","","","","","","","1040","1040","745","747","742","790","695","695","695",
"Kosovo","KSV","Cost to import (US$ per container)","IC.IMP.COST.CD","","","","","","","","","","","","","","","","","","","","","","","","","","","","","","","","","","","","","","","","","","","","","","","","","","2330","2280","2280","1810","1810",
"Kuwait","KWT","Cost to import (US$ per container)","IC.IMP.COST.CD","","","","","","","","","","","","","","","","","","","","","","","","","","","","","","","","","","","","","","","","","","","","","","935","935","935","1152","1217","1217","1242","1242","1250",
"Latin America & Caribbean (developing only)","LAC","Cost to import (US$ per container)","IC.IMP.COST.CD","","","","","","","","","","","","","","","","","","","","","","","","","","","","","","","","","","","","","","","","","","","","","","1378.04","1379.4","1338.36","1505.84","1518.24","1520.48","1584.68","1626.6","1682.2",
"Lao PDR","LAO","Cost to import (US$ per container)","IC.IMP.COST.CD","","","","","","","","","","","","","","","","","","","","","","","","","","","","","","","","","","","","","","","","","","","","","","1690","1690","1930","2040","2040","2040","2035","2125","1910",
"Lebanon","LBN","Cost to import (US$ per container)","IC.IMP.COST.CD","","","","","","","","","","","","","","","","","","","","","","","","","","","","","","","","","","","","","","","","","","","","","","752","752","810","1073","1203","1200","1250","1365","1365",
"Liberia","LBR","Cost to import (US$ per container)","IC.IMP.COST.CD","","","","","","","","","","","","","","","","","","","","","","","","","","","","","","","","","","","","","","","","","","","","","","","1152","1152","1332","1332","1332","1320","1320","1320",
"Libya","LBY","Cost to import (US$ per container)","IC.IMP.COST.CD","","","","","","","","","","","","","","","","","","","","","","","","","","","","","","","","","","","","","","","","","","","","","","","","","","","","","2255","2255",
"St. Lucia","LCA","Cost to import (US$ per container)","IC.IMP.COST.CD","","","","","","","","","","","","","","","","","","","","","","","","","","","","","","","","","","","","","","","","","","","","","","2450","2450","2150","2200","2200","2300","2300","2230","2260",
"Latin America & Caribbean (all income levels)","LCN","Cost to import (US$ per container)","IC.IMP.COST.CD","","","","","","","","","","","","","","","","","","","","","","","","","","","","","","","","","","","","","","","","","","","","","","1390.09677419355","1391.1935483871","1341.5","1485.65625","1495.34375","1501.78125","1557.93939393939","1602.72727272727","1653.18181818182",
"Least developed countries: UN classification","LDC","Cost to import (US$ per container)","IC.IMP.COST.CD","","","","","","","","","","","","","","","","","","","","","","","","","","","","","","","","","","","","","","","","","","","","","","1928.27272727273","1936.42222222222","1937.17777777778","2099.75555555556","2127.73333333333","2218.17777777778","2229.42222222222","2382.78723404255","2486.6170212766",
"Low income","LIC","Cost to import (US$ per container)","IC.IMP.COST.CD","","","","","","","","","","","","","","","","","","","","","","","","","","","","","","","","","","","","","","","","","","","","","","2292.22580645161","2282","2295","2548.78125","2621.3125","2730.28125","2750.46875","3124.26470588235","3313.85294117647",
"Liechtenstein","LIE","Cost to import (US$ per container)","IC.IMP.COST.CD","","","","","","","","","","","","","","","","","","","","","","","","","","","","","","","","","","","","","","","","","","","","","","","","","","","","","","",
"Sri Lanka","LKA","Cost to import (US$ per container)","IC.IMP.COST.CD","","","","","","","","","","","","","","","","","","","","","","","","","","","","","","","","","","","","","","","","","","","","","","639","639","694","745","745","745","745","775","775",
"Lower middle income","LMC","Cost to import (US$ per container)","IC.IMP.COST.CD","","","","","","","","","","","","","","","","","","","","","","","","","","","","","","","","","","","","","","","","","","","","","","1421.8085106383","1413.82978723404","1341.42553191489","1489.1914893617","1519.75","1616.83333333333","1655.02083333333","1671.64583333333","1712.22916666667",
"Low & middle income","LMY","Cost to import (US$ per container)","IC.IMP.COST.CD","","","","","","","","","","","","","","","","","","","","","","","","","","","","","","","","","","","","","","","","","","","","","","1611.22047244094","1605.15503875969","1574.98449612403","1761.23255813953","1792.10769230769","1856.97692307692","1895.99230769231","2030.73684210526","2103.81954887218",
"Lesotho","LSO","Cost to import (US$ per container)","IC.IMP.COST.CD","","","","","","","","","","","","","","","","","","","","","","","","","","","","","","","","","","","","","","","","","","","","","","1210","1210","1210","1715","1715","1610","1665","1945","1945",
"Lithuania","LTU","Cost to import (US$ per container)","IC.IMP.COST.CD","","","","","","","","","","","","","","","","","","","","","","","","","","","","","","","","","","","","","","","","","","","","","","980","980","980","980","980","980","980","980","800",
"Luxembourg","LUX","Cost to import (US$ per container)","IC.IMP.COST.CD","","","","","","","","","","","","","","","","","","","","","","","","","","","","","","","","","","","","","","","","","","","","","","","1250","1250","1420","1420","1420","1420","1420","1420",
"Latvia","LVA","Cost to import (US$ per container)","IC.IMP.COST.CD","","","","","","","","","","","","","","","","","","","","","","","","","","","","","","","","","","","","","","","","","","","","","","916","916","751","801","801","801","801","801","801",
"Macao SAR, China","MAC","Cost to import (US$ per container)","IC.IMP.COST.CD","","","","","","","","","","","","","","","","","","","","","","","","","","","","","","","","","","","","","","","","","","","","","","","","","","","","","","",
"St. Martin (French part)","MAF","Cost to import (US$ per container)","IC.IMP.COST.CD","","","","","","","","","","","","","","","","","","","","","","","","","","","","","","","","","","","","","","","","","","","","","","","","","","","","","","",
"Morocco","MAR","Cost to import (US$ per container)","IC.IMP.COST.CD","","","","","","","","","","","","","","","","","","","","","","","","","","","","","","","","","","","","","","","","","","","","","","1500","1500","800","1000","1000","1000","950","950","970",
"Monaco","MCO","Cost to import (US$ per container)","IC.IMP.COST.CD","","","","","","","","","","","","","","","","","","","","","","","","","","","","","","","","","","","","","","","","","","","","","","","","","","","","","","",
"Moldova","MDA","Cost to import (US$ per container)","IC.IMP.COST.CD","","","","","","","","","","","","","","","","","","","","","","","","","","","","","","","","","","","","","","","","","","","","","","1740","1740","1740","2090","2090","2090","1870","1870","1870",
"Madagascar","MDG","Cost to import (US$ per container)","IC.IMP.COST.CD","","","","","","","","","","","","","","","","","","","","","","","","","","","","","","","","","","","","","","","","","","","","","","1282","1282","1282","1660","1660","1555","1555","1555","1555",
"Maldives","MDV","Cost to import (US$ per container)","IC.IMP.COST.CD","","","","","","","","","","","","","","","","","","","","","","","","","","","","","","","","","","","","","","","","","","","","","","1200","1200","1200","1348","1348","1526","1526","1526","1610",
"Middle East & North Africa (all income levels)","MEA","Cost to import (US$ per container)","IC.IMP.COST.CD","","","","","","","","","","","","","","","","","","","","","","","","","","","","","","","","","","","","","","","","","","","","","","1148.23529411765","1151.05882352941","1066.68421052632","1189.78947368421","1226.57894736842","1210.63157894737","1216.15","1288","1321.7619047619",
"Mexico","MEX","Cost to import (US$ per container)","IC.IMP.COST.CD","","","","","","","","","","","","","","","","","","","","","","","","","","","","","","","","","","","","","","","","","","","","","","1761","1761","1761","2050","2050","1880","1780","1780","1740",
"Marshall Islands","MHL","Cost to import (US$ per container)","IC.IMP.COST.CD","","","","","","","","","","","","","","","","","","","","","","","","","","","","","","","","","","","","","","","","","","","","","","900","900","900","900","720","720","720","720","720",
"Middle income","MIC","Cost to import (US$ per container)","IC.IMP.COST.CD","","","","","","","","","","","","","","","","","","","","","","","","","","","","","","","","","","","","","","","","","","","","","","1391.3125","1381.86597938144","1337.45360824742","1501.42268041237","1521.34693877551","1571.81632653061","1616.97959183673","1655.18181818182","1688.25252525253",
"Macedonia, FYR","MKD","Cost to import (US$ per container)","IC.IMP.COST.CD","","","","","","","","","","","","","","","","","","","","","","","","","","","","","","","","","","","","","","","","","","","","","","1130","1130","1130","1325","1420","1380","1380","1380","1380",
"Mali","MLI","Cost to import (US$ per container)","IC.IMP.COST.CD","","","","","","","","","","","","","","","","","","","","","","","","","","","","","","","","","","","","","","","","","","","","","","2740","2740","2740","2962","3015","3127","3127","3127","4405",
"Malta","MLT","Cost to import (US$ per container)","IC.IMP.COST.CD","","","","","","","","","","","","","","","","","","","","","","","","","","","","","","","","","","","","","","","","","","","","","","","","","","","","950","970","970",
"Myanmar","MMR","Cost to import (US$ per container)","IC.IMP.COST.CD","","","","","","","","","","","","","","","","","","","","","","","","","","","","","","","","","","","","","","","","","","","","","","","","","","","","","660","660",
"Middle East & North Africa (developing only)","MNA","Cost to import (US$ per container)","IC.IMP.COST.CD","","","","","","","","","","","","","","","","","","","","","","","","","","","","","","","","","","","","","","","","","","","","","","1378.5","1382.5","1277.5","1429.08333333333","1449.25","1423.91666666667","1442.25","1532.23076923077","1570.76923076923",
"Montenegro","MNE","Cost to import (US$ per container)","IC.IMP.COST.CD","","","","","","","","","","","","","","","","","","","","","","","","","","","","","","","","","","","","","","","","","","","","","","","865","865","995","995","995","985","985","985",
"Mongolia","MNG","Cost to import (US$ per container)","IC.IMP.COST.CD","","","","","","","","","","","","","","","","","","","","","","","","","","","","","","","","","","","","","","","","","","","","","","2274","2274","2274","2274","2274","2274","2400","2710","2950",
"Northern Mariana Islands","MNP","Cost to import (US$ per container)","IC.IMP.COST.CD","","","","","","","","","","","","","","","","","","","","","","","","","","","","","","","","","","","","","","","","","","","","","","","","","","","","","","",
"Mozambique","MOZ","Cost to import (US$ per container)","IC.IMP.COST.CD","","","","","","","","","","","","","","","","","","","","","","","","","","","","","","","","","","","","","","","","","","","","","","1185","1185","1185","1475","1475","1475","1545","1545","1600",
"Mauritania","MRT","Cost to import (US$ per container)","IC.IMP.COST.CD","","","","","","","","","","","","","","","","","","","","","","","","","","","","","","","","","","","","","","","","","","","","","","1363","1363","1363","1523","1523","1523","1523","1523","1523",
"Mauritius","MUS","Cost to import (US$ per container)","IC.IMP.COST.CD","","","","","","","","","","","","","","","","","","","","","","","","","","","","","","","","","","","","","","","","","","","","","","683","683","673","677","689","689","689","695","710",
"Malawi","MWI","Cost to import (US$ per container)","IC.IMP.COST.CD","","","","","","","","","","","","","","","","","","","","","","","","","","","","","","","","","","","","","","","","","","","","","","2500","2500","2500","2550","2570","2570","2570","2870","2870",
"Malaysia","MYS","Cost to import (US$ per container)","IC.IMP.COST.CD","","","","","","","","","","","","","","","","","","","","","","","","","","","","","","","","","","","","","","","","","","","","","","385","385","385","450","450","450","435","420","485",
"North America","NAC","Cost to import (US$ per container)","IC.IMP.COST.CD","","","","","","","","","","","","","","","","","","","","","","","","","","","","","","","","","","","","","","","","","","","","","","1292.5","1292.5","1292.5","1515","1487.5","1487.5","1487.5","1487.5","1497.5",
"Namibia","NAM","Cost to import (US$ per container)","IC.IMP.COST.CD","","","","","","","","","","","","","","","","","","","","","","","","","","","","","","","","","","","","","","","","","","","","","","1550","1550","1550","1813","1813","1813","1905","1905","1905",
"New Caledonia","NCL","Cost to import (US$ per container)","IC.IMP.COST.CD","","","","","","","","","","","","","","","","","","","","","","","","","","","","","","","","","","","","","","","","","","","","","","","","","","","","","","",
"Niger","NER","Cost to import (US$ per container)","IC.IMP.COST.CD","","","","","","","","","","","","","","","","","","","","","","","","","","","","","","","","","","","","","","","","","","","","","","2946","2946","2946","3333","3333","3333","3333","3499","4500",
"Nigeria","NGA","Cost to import (US$ per container)","IC.IMP.COST.CD","","","","","","","","","","","","","","","","","","","","","","","","","","","","","","","","","","","","","","","","","","","","","","1460","1047","1047","1306","1440","1440","1440","1540","1695",
"Nicaragua","NIC","Cost to import (US$ per container)","IC.IMP.COST.CD","","","","","","","","","","","","","","","","","","","","","","","","","","","","","","","","","","","","","","","","","","","","","","1020","1054","1054","1420","1420","1220","1220","1245","1245",
"Netherlands","NLD","Cost to import (US$ per container)","IC.IMP.COST.CD","","","","","","","","","","","","","","","","","","","","","","","","","","","","","","","","","","","","","","","","","","","","","","1005","1005","1005","1020","942","942","975","975","975",
"High income: nonOECD","NOC","Cost to import (US$ per container)","IC.IMP.COST.CD","","","","","","","","","","","","","","","","","","","","","","","","","","","","","","","","","","","","","","","","","","","","","","1083","1061.16666666667","1034.38095238095","1103.04545454545","1119.86363636364","1143.31818181818","1170","1222.76","1237.32",
"Norway","NOR","Cost to import (US$ per container)","IC.IMP.COST.CD","","","","","","","","","","","","","","","","","","","","","","","","","","","","","","","","","","","","","","","","","","","","","","488","488","488","929","929","929","929","1100","1100",
"Nepal","NPL","Cost to import (US$ per container)","IC.IMP.COST.CD","","","","","","","","","","","","","","","","","","","","","","","","","","","","","","","","","","","","","","","","","","","","","","1725","1725","1725","1900","1825","2095","2095","2095","2400",
"New Zealand","NZL","Cost to import (US$ per container)","IC.IMP.COST.CD","","","","","","","","","","","","","","","","","","","","","","","","","","","","","","","","","","","","","","","","","","","","","","800","800","800","850","850","825","825","825","825",
"High income: OECD","OEC","Cost to import (US$ per container)","IC.IMP.COST.CD","","","","","","","","","","","","","","","","","","","","","","","","","","","","","","","","","","","","","","","","","","","","","","972.5","981.451612903226","971.935483870968","1081.54838709677","1092.87096774194","1080.45161290323","1084.61290322581","1088.25806451613","1090.1935483871",
"OECD members","OED","Cost to import (US$ per container)","IC.IMP.COST.CD","","","","","","","","","","","","","","","","","","","","","","","","","","","","","","","","","","","","","","","","","","","","","","994.424242424242","1001.94117647059","995.558823529412","1109.44117647059","1119.02941176471","1102.70588235294","1103.55882352941","1105.76470588235","1106.35294117647",
"Oman","OMN","Cost to import (US$ per container)","IC.IMP.COST.CD","","","","","","","","","","","","","","","","","","","","","","","","","","","","","","","","","","","","","","","","","","","","","","417","417","417","630","630","660","680","680","680",
"Other small states","OSS","Cost to import (US$ per container)","IC.IMP.COST.CD","","","","","","","","","","","","","","","","","","","","","","","","","","","","","","","","","","","","","","","","","","","","","","1286.70588235294","1263.27777777778","1244.38888888889","1424.94444444444","1440.16666666667","1468.88888888889","1469.16666666667","1483.38888888889","1502.94444444444",
"Pakistan","PAK","Cost to import (US$ per container)","IC.IMP.COST.CD","","","","","","","","","","","","","","","","","","","","","","","","","","","","","","","","","","","","","","","","","","","","","","317","648","648","680","680","680","705","705","725",
"Panama","PAN","Cost to import (US$ per container)","IC.IMP.COST.CD","","","","","","","","","","","","","","","","","","","","","","","","","","","","","","","","","","","","","","","","","","","","","","850","850","850","879","879","915","965","965","965",
"Peru","PER","Cost to import (US$ per container)","IC.IMP.COST.CD","","","","","","","","","","","","","","","","","","","","","","","","","","","","","","","","","","","","","","","","","","","","","","670","670","670","895","895","880","880","880","1010",
"Philippines","PHL","Cost to import (US$ per container)","IC.IMP.COST.CD","","","","","","","","","","","","","","","","","","","","","","","","","","","","","","","","","","","","","","","","","","","","","","800","800","800","819","819","730","730","660","660",
"Palau","PLW","Cost to import (US$ per container)","IC.IMP.COST.CD","","","","","","","","","","","","","","","","","","","","","","","","","","","","","","","","","","","","","","","","","","","","","","1010","1010","760","782","782","672","680","680","680",
"Papua New Guinea","PNG","Cost to import (US$ per container)","IC.IMP.COST.CD","","","","","","","","","","","","","","","","","","","","","","","","","","","","","","","","","","","","","","","","","","","","","","1048","1048","1048","1128","1128","1128","1128","1250","1250",
"Poland","POL","Cost to import (US$ per container)","IC.IMP.COST.CD","","","","","","","","","","","","","","","","","","","","","","","","","","","","","","","","","","","","","","","","","","","","","","834","834","834","884","884","884","1000","1025","1025",
"Puerto Rico","PRI","Cost to import (US$ per container)","IC.IMP.COST.CD","","","","","","","","","","","","","","","","","","","","","","","","","","","","","","","","","","","","","","","","","","","","","","1225","1225","1225","1250","1250","1250","1300","1350","1350",
"Korea, Dem. Rep.","PRK","Cost to import (US$ per container)","IC.IMP.COST.CD","","","","","","","","","","","","","","","","","","","","","","","","","","","","","","","","","","","","","","","","","","","","","","","","","","","","","","",
"Portugal","PRT","Cost to import (US$ per container)","IC.IMP.COST.CD","","","","","","","","","","","","","","","","","","","","","","","","","","","","","","","","","","","","","","","","","","","","","","894","894","894","899","899","899","899","899","925",
"Paraguay","PRY","Cost to import (US$ per container)","IC.IMP.COST.CD","","","","","","","","","","","","","","","","","","","","","","","","","","","","","","","","","","","","","","","","","","","","","","1400","1400","1400","1700","1750","1750","1750","1750","2275",
"Pacific island small states","PSS","Cost to import (US$ per container)","IC.IMP.COST.CD","","","","","","","","","","","","","","","","","","","","","","","","","","","","","","","","","","","","","","","","","","","","","","1120.88888888889","1120.88888888889","931.777777777778","801.777777777778","791","786.888888888889","830.555555555556","804.444444444444","818.333333333333",
"French Polynesia","PYF","Cost to import (US$ per container)","IC.IMP.COST.CD","","","","","","","","","","","","","","","","","","","","","","","","","","","","","","","","","","","","","","","","","","","","","","","","","","","","","","",
"Qatar","QAT","Cost to import (US$ per container)","IC.IMP.COST.CD","","","","","","","","","","","","","","","","","","","","","","","","","","","","","","","","","","","","","","","","","","","","","","","","960","960","960","960","1033","1033","1033",
"Romania","ROU","Cost to import (US$ per container)","IC.IMP.COST.CD","","","","","","","","","","","","","","","","","","","","","","","","","","","","","","","","","","","","","","","","","","","","","","1200","1075","1075","1175","1175","1175","1495","1495","1495",
"Russian Federation","RUS","Cost to import (US$ per container)","IC.IMP.COST.CD","","","","","","","","","","","","","","","","","","","","","","","","","","","","","","","","","","","","","","","","","","","","","","1685","1685","1685","2165","2165","2545","2495","2780","2810",
"Rwanda","RWA","Cost to import (US$ per container)","IC.IMP.COST.CD","","","","","","","","","","","","","","","","","","","","","","","","","","","","","","","","","","","","","","","","","","","","","","4000","4000","4890","4990","4990","4990","4990","4990","4990",
"South Asia","SAS","Cost to import (US$ per container)","IC.IMP.COST.CD","","","","","","","","","","","","","","","","","","","","","","","","","","","","","","","","","","","","","","","","","","","","","","1296.5","1337.875","1285.625","1430.375","1471","1723.875","1740.75","1736.375","1967.5",
"Saudi Arabia","SAU","Cost to import (US$ per container)","IC.IMP.COST.CD","","","","","","","","","","","","","","","","","","","","","","","","","","","","","","","","","","","","","","","","","","","","","","604","604","758","678","928","936","936","1054","1229",
"Sudan","SDN","Cost to import (US$ per container)","IC.IMP.COST.CD","","","","","","","","","","","","","","","","","","","","","","","","","","","","","","","","","","","","","","","","","","","","","","1970","1970","2300","2900","2900","2900","2900","2900","2900",
"Senegal","SEN","Cost to import (US$ per container)","IC.IMP.COST.CD","","","","","","","","","","","","","","","","","","","","","","","","","","","","","","","","","","","","","","","","","","","","","","1720","1720","1720","1920","1940","1940","1740","1740","1740",
"Singapore","SGP","Cost to import (US$ per container)","IC.IMP.COST.CD","","","","","","","","","","","","","","","","","","","","","","","","","","","","","","","","","","","","","","","","","","","","","","367","367","367","439","439","439","439","439","440",
"Solomon Islands","SLB","Cost to import (US$ per container)","IC.IMP.COST.CD","","","","","","","","","","","","","","","","","","","","","","","","","","","","","","","","","","","","","","","","","","","","","","1238","1238","986","942","985","985","985","785","785",
"Sierra Leone","SLE","Cost to import (US$ per container)","IC.IMP.COST.CD","","","","","","","","","","","","","","","","","","","","","","","","","","","","","","","","","","","","","","","","","","","","","","1022","1022","1022","1315","1419","1419","1419","1560","1575",
"El Salvador","SLV","Cost to import (US$ per container)","IC.IMP.COST.CD","","","","","","","","","","","","","","","","","","","","","","","","","","","","","","","","","","","","","","","","","","","","","","540","540","540","820","820","845","845","980","970",
"San Marino","SMR","Cost to import (US$ per container)","IC.IMP.COST.CD","","","","","","","","","","","","","","","","","","","","","","","","","","","","","","","","","","","","","","","","","","","","","","","","","","","","","1890","1890",
"Somalia","SOM","Cost to import (US$ per container)","IC.IMP.COST.CD","","","","","","","","","","","","","","","","","","","","","","","","","","","","","","","","","","","","","","","","","","","","","","","","","","","","","","",
"Serbia","SRB","Cost to import (US$ per container)","IC.IMP.COST.CD","","","","","","","","","","","","","","","","","","","","","","","","","","","","","","","","","","","","","","","","","","","","","","1540","1540","1540","1659","1659","1659","1709","1760","1760",
"Sub-Saharan Africa (developing only)","SSA","Cost to import (US$ per container)","IC.IMP.COST.CD","","","","","","","","","","","","","","","","","","","","","","","","","","","","","","","","","","","","","","","","","","","","","","2004.38636363636","1993.53333333333","2015.26666666667","2302.37777777778","2362.84444444444","2511.04444444444","2522.57777777778","2727.54347826087","2818.86956521739",
"South Sudan","SSD","Cost to import (US$ per container)","IC.IMP.COST.CD","","","","","","","","","","","","","","","","","","","","","","","","","","","","","","","","","","","","","","","","","","","","","","","","","","","","","9285","9285",
"Sub-Saharan Africa (all income levels)","SSF","Cost to import (US$ per container)","IC.IMP.COST.CD","","","","","","","","","","","","","","","","","","","","","","","","","","","","","","","","","","","","","","","","","","","","","","1996.08888888889","1985.65217391304","2006.91304347826","2287.95652173913","2347.10869565217","2492.08695652174","2503.36956521739","2703.55319148936","2792.93617021277",
"Small states","SST","Cost to import (US$ per container)","IC.IMP.COST.CD","","","","","","","","","","","","","","","","","","","","","","","","","","","","","","","","","","","","","","","","","","","","","","1370.24324324324","1356.94736842105","1260.10256410256","1340.33333333333","1344.87179487179","1356.53846153846","1377.825","1388.275","1407.825",
"Sao Tome and Principe","STP","Cost to import (US$ per container)","IC.IMP.COST.CD","","","","","","","","","","","","","","","","","","","","","","","","","","","","","","","","","","","","","","","","","","","","","","577","577","577","577","577","577","577","577","577",
"Suriname","SUR","Cost to import (US$ per container)","IC.IMP.COST.CD","","","","","","","","","","","","","","","","","","","","","","","","","","","","","","","","","","","","","","","","","","","","","","815","815","815","885","885","945","1065","1165","1165",
"Slovak Republic","SVK","Cost to import (US$ per container)","IC.IMP.COST.CD","","","","","","","","","","","","","","","","","","","","","","","","","","","","","","","","","","","","","","","","","","","","","","1050","1050","1050","1445","1445","1505","1540","1540","1480",
"Slovenia","SVN","Cost to import (US$ per container)","IC.IMP.COST.CD","","","","","","","","","","","","","","","","","","","","","","","","","","","","","","","","","","","","","","","","","","","","","","1019","1019","1019","1130","1130","765","765","830","830",
"Sweden","SWE","Cost to import (US$ per container)","IC.IMP.COST.CD","","","","","","","","","","","","","","","","","","","","","","","","","","","","","","","","","","","","","","","","","","","","","","619","619","619","735","735","735","735","735","735",
"Swaziland","SWZ","Cost to import (US$ per container)","IC.IMP.COST.CD","","","","","","","","","","","","","","","","","","","","","","","","","","","","","","","","","","","","","","","","","","","","","","1820","1820","1820","2249","2249","1849","2030","2085","2145",
"Sint Maarten (Dutch part)","SXM","Cost to import (US$ per container)","IC.IMP.COST.CD","","","","","","","","","","","","","","","","","","","","","","","","","","","","","","","","","","","","","","","","","","","","","","","","","","","","","","",
"Seychelles","SYC","Cost to import (US$ per container)","IC.IMP.COST.CD","","","","","","","","","","","","","","","","","","","","","","","","","","","","","","","","","","","","","","","","","","","","","","876","876","876","876","876","876","876","876","675",
"Syrian Arab Republic","SYR","Cost to import (US$ per container)","IC.IMP.COST.CD","","","","","","","","","","","","","","","","","","","","","","","","","","","","","","","","","","","","","","","","","","","","","","1822","1760","1760","1625","1625","1625","1625","1625","2075",
"Turks and Caicos Islands","TCA","Cost to import (US$ per container)","IC.IMP.COST.CD","","","","","","","","","","","","","","","","","","","","","","","","","","","","","","","","","","","","","","","","","","","","","","","","","","","","","","",
"Chad","TCD","Cost to import (US$ per container)","IC.IMP.COST.CD","","","","","","","","","","","","","","","","","","","","","","","","","","","","","","","","","","","","","","","","","","","","","","5715","5715","5715","6215","6345","8525","8525","8525","9025",
"Togo","TGO","Cost to import (US$ per container)","IC.IMP.COST.CD","","","","","","","","","","","","","","","","","","","","","","","","","","","","","","","","","","","","","","","","","","","","","","841","1040","1040","1109","1109","1109","1109","1109","1190",
"Thailand","THA","Cost to import (US$ per container)","IC.IMP.COST.CD","","","","","","","","","","","","","","","","","","","","","","","","","","","","","","","","","","","","","","","","","","","","","","1042","1042","786","795","795","795","750","750","760",
"Tajikistan","TJK","Cost to import (US$ per container)","IC.IMP.COST.CD","","","","","","","","","","","","","","","","","","","","","","","","","","","","","","","","","","","","","","","","","","","","","","4500","4500","4500","4550","4550","4550","4550","9800","10250",
"Turkmenistan","TKM","Cost to import (US$ per container)","IC.IMP.COST.CD","","","","","","","","","","","","","","","","","","","","","","","","","","","","","","","","","","","","","","","","","","","","","","","","","","","","","","",
"Timor-Leste","TLS","Cost to import (US$ per container)","IC.IMP.COST.CD","","","","","","","","","","","","","","","","","","","","","","","","","","","","","","","","","","","","","","","","","","","","","","735","735","735","755","755","755","755","755","755",
"Tonga","TON","Cost to import (US$ per container)","IC.IMP.COST.CD","","","","","","","","","","","","","","","","","","","","","","","","","","","","","","","","","","","","","","","","","","","","","","620","620","370","475","475","475","525","490","490",
"Trinidad and Tobago","TTO","Cost to import (US$ per container)","IC.IMP.COST.CD","","","","","","","","","","","","","","","","","","","","","","","","","","","","","","","","","","","","","","","","","","","","","","1100","1100","1100","1100","1100","1250","1260","1260","1260",
"Tunisia","TUN","Cost to import (US$ per container)","IC.IMP.COST.CD","","","","","","","","","","","","","","","","","","","","","","","","","","","","","","","","","","","","","","","","","","","","","","600","600","810","858","858","858","858","858","860",
"Turkey","TUR","Cost to import (US$ per container)","IC.IMP.COST.CD","","","","","","","","","","","","","","","","","","","","","","","","","","","","","","","","","","","","","","","","","","","","","","935","935","1013","1063","1063","1063","1063","1235","1235",
"Tuvalu","TUV","Cost to import (US$ per container)","IC.IMP.COST.CD","","","","","","","","","","","","","","","","","","","","","","","","","","","","","","","","","","","","","","","","","","","","","","","","","","","","","","",
"Tanzania","TZA","Cost to import (US$ per container)","IC.IMP.COST.CD","","","","","","","","","","","","","","","","","","","","","","","","","","","","","","","","","","","","","","","","","","","","","","917","1425","1425","1475","1475","1475","1430","1565","1615",
"Uganda","UGA","Cost to import (US$ per container)","IC.IMP.COST.CD","","","","","","","","","","","","","","","","","","","","","","","","","","","","","","","","","","","","","","","","","","","","","","2945","2945","2990","3290","3390","2940","3015","3215","3375",
"Ukraine","UKR","Cost to import (US$ per container)","IC.IMP.COST.CD","","","","","","","","","","","","","","","","","","","","","","","","","","","","","","","","","","","","","","","","","","","","","","1695","1695","1695","1880","1880","1880","2455","2455","2505",
"Upper middle income","UMC","Cost to import (US$ per container)","IC.IMP.COST.CD","","","","","","","","","","","","","","","","","","","","","","","","","","","","","","","","","","","","","","","","","","","","","","1362.0612244898","1351.82","1333.72","1512.92","1522.88","1528.6","1580.46","1639.6862745098","1665.6862745098",
"Uruguay","URY","Cost to import (US$ per container)","IC.IMP.COST.CD","","","","","","","","","","","","","","","","","","","","","","","","","","","","","","","","","","","","","","","","","","","","","","1180","1180","1180","1330","1330","1330","1330","1440","1440",
"United States","USA","Cost to import (US$ per container)","IC.IMP.COST.CD","","","","","","","","","","","","","","","","","","","","","","","","","","","","","","","","","","","","","","","","","","","","","","1160","1160","1160","1245","1315","1315","1315","1315","1315",
"Uzbekistan","UZB","Cost to import (US$ per container)","IC.IMP.COST.CD","","","","","","","","","","","","","","","","","","","","","","","","","","","","","","","","","","","","","","","","","","","","","","4050","4050","4050","4600","4600","4650","4650","4750","5235",
"St. Vincent and the Grenadines","VCT","Cost to import (US$ per container)","IC.IMP.COST.CD","","","","","","","","","","","","","","","","","","","","","","","","","","","","","","","","","","","","","","","","","","","","","","1605","1605","1455","1455","1455","1455","1455","1425","1425",
"Venezuela, RB","VEN","Cost to import (US$ per container)","IC.IMP.COST.CD","","","","","","","","","","","","","","","","","","","","","","","","","","","","","","","","","","","","","","","","","","","","","","900","900","2400","2868","2868","2868","2868","2868","3695",
"Virgin Islands (U.S.)","VIR","Cost to import (US$ per container)","IC.IMP.COST.CD","","","","","","","","","","","","","","","","","","","","","","","","","","","","","","","","","","","","","","","","","","","","","","","","","","","","","","",
"Vietnam","VNM","Cost to import (US$ per container)","IC.IMP.COST.CD","","","","","","","","","","","","","","","","","","","","","","","","","","","","","","","","","","","","","","","","","","","","","","586","586","586","606","645","645","670","600","600",
"Vanuatu","VUT","Cost to import (US$ per container)","IC.IMP.COST.CD","","","","","","","","","","","","","","","","","","","","","","","","","","","","","","","","","","","","","","","","","","","","","","2170","2170","1920","1087","1087","1160","1440","1440","1440",
"West Bank and Gaza","PSE","Cost to import (US$ per container)","IC.IMP.COST.CD","","","","","","","","","","","","","","","","","","","","","","","","","","","","","","","","","","","","","","","","","","","","","","995","995","995","1225","1225","1225","1295","1295","1390",
"World","WLD","Cost to import (US$ per container)","IC.IMP.COST.CD","","","","","","","","","","","","","","","","","","","","","","","","","","","","","","","","","","","","","","","","","","","","","","1449.48850574713","1441.52247191011","1408.97790055249","1565.9010989011","1592.84153005464","1639.6393442623","1665.84864864865","1769.27513227513","1822.94708994709",
"Samoa","WSM","Cost to import (US$ per container)","IC.IMP.COST.CD","","","","","","","","","","","","","","","","","","","","","","","","","","","","","","","","","","","","","","","","","","","","","","775","775","575","575","575","575","575","575","575",
"Yemen, Rep.","YEM","Cost to import (US$ per container)","IC.IMP.COST.CD","","","","","","","","","","","","","","","","","","","","","","","","","","","","","","","","","","","","","","","","","","","","","","1475","1475","1475","1475","1475","1475","1475","1490","1490",
"South Africa","ZAF","Cost to import (US$ per container)","IC.IMP.COST.CD","","","","","","","","","","","","","","","","","","","","","","","","","","","","","","","","","","","","","","","","","","","","","","1195","1195","1195","1721","1807","1807","1795","1940","1980",
"Congo, Dem. Rep.","COD","Cost to import (US$ per container)","IC.IMP.COST.CD","","","","","","","","","","","","","","","","","","","","","","","","","","","","","","","","","","","","","","","","","","","","","","2688","3088","3088","3388","3388","3740","3740","3890","3890",
"Zambia","ZMB","Cost to import (US$ per container)","IC.IMP.COST.CD","","","","","","","","","","","","","","","","","","","","","","","","","","","","","","","","","","","","","","","","","","","","","","2840","2840","2840","3335","3335","3315","3315","3560","3560",
"Zimbabwe","ZWE","Cost to import (US$ per container)","IC.IMP.COST.CD","","","","","","","","","","","","","","","","","","","","","","","","","","","","","","","","","","","","","","","","","","","","","","2420","2420","2420","3999","5101","5101","5101","5200","5660",
